{"inputUnits":[34],"outputUnits":15,"inputs":{"0":{"dtype":"number","min":275.8400432423395,"max":987.8692223218628},"1":{"dtype":"number","min":-291.8893990720756,"max":525.6433467642343},"2":{"dtype":"number","min":285.7532237012099,"max":994.2541598902602},"3":{"dtype":"number","min":-290.259477786053,"max":527.7484593966592},"4":{"dtype":"number","min":224.74070151956164,"max":984.4516691809034},"5":{"dtype":"number","min":-285.05666829268756,"max":536.2040039537482},"6":{"dtype":"number","min":287.75808608949416,"max":997.0966478637221},"7":{"dtype":"number","min":-296.4471566166859,"max":530.1352854925372},"8":{"dtype":"number","min":239.6537246407238,"max":985.0026361487719},"9":{"dtype":"number","min":-293.8165366324933,"max":526.9145386692151},"10":{"dtype":"number","min":270.98493405353236,"max":975.8790641814354},"11":{"dtype":"number","min":-237.97976957684824,"max":598.7413289110948},"12":{"dtype":"number","min":225.37240944947715,"max":912.4538697714008},"13":{"dtype":"number","min":-354.54829234557394,"max":597.5479508930607},"14":{"dtype":"number","min":230.4075842237658,"max":974.7233777472945},"15":{"dtype":"number","min":24.115516276674953,"max":787.0238355347155},"16":{"dtype":"number","min":220.63526316839435,"max":959.5542729596683},"17":{"dtype":"number","min":-170.4713267760518,"max":685.3187727278772},"18":{"dtype":"number","min":226.88095152146158,"max":1014.8273916281615},"19":{"dtype":"number","min":114.65122267429933,"max":780.3932658985896},"20":{"dtype":"number","min":227.45338410255047,"max":1002.6298243897435},"21":{"dtype":"number","min":106.5264298850924,"max":753.1556710566065},"22":{"dtype":"number","min":253.44245643467292,"max":937.5147066227657},"23":{"dtype":"number","min":152.026222318063,"max":847.4329860108371},"24":{"dtype":"number","min":245.48169978397829,"max":979.6261964790552},"25":{"dtype":"number","min":-116.32521217435252,"max":824.3156545913637},"26":{"dtype":"number","min":257.11962629385033,"max":1091.523366252736},"27":{"dtype":"number","min":249.0893720931116,"max":921.9227600097656},"28":{"dtype":"number","min":344.6421202425827,"max":1072.0994621306543},"29":{"dtype":"number","min":66.80022599632173,"max":916.7228600765482},"30":{"dtype":"number","min":221.39448588924185,"max":1103.4296271773164},"31":{"dtype":"number","min":419.10057810030094,"max":985.0518442591804},"32":{"dtype":"number","min":284.7711941611442,"max":1102.9811232748661},"33":{"dtype":"number","min":287.15146432127005,"max":987.4104790001063}},"outputs":{"0":{"dtype":"string","min":0,"max":1,"uniqueValues":["good posture ","good posture 2","good posture 3","bad posture","bad posture 2","bad posture to close","bad posture sleep","bad posture sleep 2 ","bad posture back","bad posture phone","bad posture phone 2","good water","good get up","bad mental breakdown","bad mental breakdown 2"],"legend":{"good posture ":[1,0,0,0,0,0,0,0,0,0,0,0,0,0,0],"good posture 2":[0,1,0,0,0,0,0,0,0,0,0,0,0,0,0],"good posture 3":[0,0,1,0,0,0,0,0,0,0,0,0,0,0,0],"bad posture":[0,0,0,1,0,0,0,0,0,0,0,0,0,0,0],"bad posture 2":[0,0,0,0,1,0,0,0,0,0,0,0,0,0,0],"bad posture to close":[0,0,0,0,0,1,0,0,0,0,0,0,0,0,0],"bad posture sleep":[0,0,0,0,0,0,1,0,0,0,0,0,0,0,0],"bad posture sleep 2 ":[0,0,0,0,0,0,0,1,0,0,0,0,0,0,0],"bad posture back":[0,0,0,0,0,0,0,0,1,0,0,0,0,0,0],"bad posture phone":[0,0,0,0,0,0,0,0,0,1,0,0,0,0,0],"bad posture phone 2":[0,0,0,0,0,0,0,0,0,0,1,0,0,0,0],"good water":[0,0,0,0,0,0,0,0,0,0,0,1,0,0,0],"good get up":[0,0,0,0,0,0,0,0,0,0,0,0,1,0,0],"bad mental breakdown":[0,0,0,0,0,0,0,0,0,0,0,0,0,1,0],"bad mental breakdown 2":[0,0,0,0,0,0,0,0,0,0,0,0,0,0,1]}}},"isNormalized":true}